<?xml version="1.0" encoding="UTF-8"?>
<beans xmlns="http://www.springframework.org/schema/beans"
       xmlns:xsi="http://www.w3.org/2001/XMLSchema-instance"
       xmlns:amq="http://activemq.apache.org/schema/core"
       xsi:schemaLocation="
       http://www.springframework.org/schema/beans
       http://www.springframework.org/schema/beans/spring-beans.xsd
       http://activemq.apache.org/schema/core
       http://activemq.apache.org/schema/core/activemq-core.xsd">

    <!-- ActiveMQ Broker -->
    <broker brokerName="demo" xmlns="http://activemq.apache.org/schema/core">

<!--         <plugins> -->
<!--         	<amq:simpleAuthenticationPlugin> -->
<!--         		<amq:users> -->
<!--         			<amq:authenticationUser username="admin" password="admin" groups="users,admins"/> -->
<!--         		</amq:users> -->
<!--         	</amq:simpleAuthenticationPlugin> -->
<!--         </plugins> -->

        <transportConnectors>
            <transportConnector name="tcp" uri="tcp://localhost:61616"/>
        </transportConnectors>
    </broker>
</beans>
